{
  "id": "1142441",
  "name": "bbs-go",
  "font_family": "iconfont",
  "css_prefix_text": "icon-",
  "description": "",
  "glyphs": [
    {
      "icon_id": "12934669",
      "name": "article",
      "font_class": "article",
      "unicode": "e60c",
      "unicode_decimal": 58892
    },
    {
      "icon_id": "4406935",
      "name": "话题",
      "font_class": "topic",
      "unicode": "e609",
      "unicode_decimal": 58889
    },
    {
      "icon_id": "4766507",
      "name": "audit",
      "font_class": "audit",
      "unicode": "e7bf",
      "unicode_decimal": 59327
    },
    {
      "icon_id": "13303555",
      "name": "i18n",
      "font_class": "i18n",
      "unicode": "e669",
      "unicode_decimal": 58985
    },
    {
      "icon_id": "34923",
      "name": "lock",
      "font_class": "lock",
      "unicode": "e6c0",
      "unicode_decimal": 59072
    },
    {
      "icon_id": "1327509",
      "name": "view",
      "font_class": "view",
      "unicode": "e619",
      "unicode_decimal": 58905
    },
    {
      "icon_id": "1496053",
      "name": "comment_light",
      "font_class": "comment",
      "unicode": "e7e0",
      "unicode_decimal": 59360
    },
    {
      "icon_id": "9782904",
      "name": "return",
      "font_class": "return",
      "unicode": "e81a",
      "unicode_decimal": 59418
    },
    {
      "icon_id": "24563312",
      "name": "size",
      "font_class": "size",
      "unicode": "e60a",
      "unicode_decimal": 58890
    },
    {
      "icon_id": "15838495",
      "name": "fullscreen-shrink",
      "font_class": "exit-fullscreen",
      "unicode": "e676",
      "unicode_decimal": 58998
    },
    {
      "icon_id": "15838498",
      "name": "fullscreen-expand",
      "font_class": "fullscreen",
      "unicode": "e677",
      "unicode_decimal": 58999
    },
    {
      "icon_id": "10936613",
      "name": "nav_其他3",
      "font_class": "nav",
      "unicode": "e617",
      "unicode_decimal": 58903
    },
    {
      "icon_id": "10043876",
      "name": "Message",
      "font_class": "message",
      "unicode": "e62a",
      "unicode_decimal": 58922
    },
    {
      "icon_id": "7715021",
      "name": "log-out",
      "font_class": "log-out",
      "unicode": "e649",
      "unicode_decimal": 58953
    },
    {
      "icon_id": "10886682",
      "name": "menu",
      "font_class": "menu",
      "unicode": "e627",
      "unicode_decimal": 58919
    },
    {
      "icon_id": "1410216",
      "name": "arrow-drop-up",
      "font_class": "drop-up",
      "unicode": "e62c",
      "unicode_decimal": 58924
    },
    {
      "icon_id": "22273872",
      "name": "drop-down",
      "font_class": "drop-down",
      "unicode": "e727",
      "unicode_decimal": 59175
    },
    {
      "icon_id": "289835",
      "name": "search",
      "font_class": "search",
      "unicode": "e6a0",
      "unicode_decimal": 59040
    },
    {
      "icon_id": "970718",
      "name": "plus",
      "font_class": "plus",
      "unicode": "e610",
      "unicode_decimal": 58896
    },
    {
      "icon_id": "11982750",
      "name": "Favorite, star, rate",
      "font_class": "has-favorite",
      "unicode": "e9df",
      "unicode_decimal": 59871
    },
    {
      "icon_id": "16553788",
      "name": "read",
      "font_class": "read",
      "unicode": "e890",
      "unicode_decimal": 59536
    },
    {
      "icon_id": "11982663",
      "name": "Favorite, star, rate",
      "font_class": "favorite",
      "unicode": "e9ce",
      "unicode_decimal": 59854
    },
    {
      "icon_id": "933646",
      "name": "微信",
      "font_class": "weixin",
      "unicode": "e61c",
      "unicode_decimal": 58908
    },
    {
      "icon_id": "18519022",
      "name": "Write",
      "font_class": "write",
      "unicode": "e644",
      "unicode_decimal": 58948
    },
    {
      "icon_id": "5326831",
      "name": "forbidden",
      "font_class": "forbidden",
      "unicode": "e638",
      "unicode_decimal": 58936
    },
    {
      "icon_id": "10793067",
      "name": "log",
      "font_class": "log",
      "unicode": "e624",
      "unicode_decimal": 58916
    },
    {
      "icon_id": "13087827",
      "name": "动态",
      "font_class": "tweet2",
      "unicode": "e7c2",
      "unicode_decimal": 59330
    },
    {
      "icon_id": "1111266",
      "name": "comment",
      "font_class": "comment1",
      "unicode": "e614",
      "unicode_decimal": 58900
    },
    {
      "icon_id": "1759484",
      "name": "审核",
      "font_class": "shenhe",
      "unicode": "e6b5",
      "unicode_decimal": 59061
    },
    {
      "icon_id": "527045",
      "name": "add",
      "font_class": "add",
      "unicode": "e67b",
      "unicode_decimal": 59003
    },
    {
      "icon_id": "5755912",
      "name": "emoji",
      "font_class": "emoji",
      "unicode": "e621",
      "unicode_decimal": 58913
    },
    {
      "icon_id": "10793055",
      "name": "image",
      "font_class": "image",
      "unicode": "e623",
      "unicode_decimal": 58915
    },
    {
      "icon_id": "4738643",
      "name": "gold_svg",
      "font_class": "score",
      "unicode": "e61b",
      "unicode_decimal": 58907
    },
    {
      "icon_id": "1455710",
      "name": "home",
      "font_class": "home",
      "unicode": "e632",
      "unicode_decimal": 58930
    },
    {
      "icon_id": "9052129",
      "name": "link",
      "font_class": "link",
      "unicode": "e60f",
      "unicode_decimal": 58895
    },
    {
      "icon_id": "1327487",
      "name": "net",
      "font_class": "net",
      "unicode": "e60b",
      "unicode_decimal": 58891
    },
    {
      "icon_id": "8801786",
      "name": "验证码",
      "font_class": "captcha",
      "unicode": "e600",
      "unicode_decimal": 58880
    },
    {
      "icon_id": "8879753",
      "name": "dashboard",
      "font_class": "dashboard",
      "unicode": "e602",
      "unicode_decimal": 58882
    },
    {
      "icon_id": "5379854",
      "name": "book",
      "font_class": "book",
      "unicode": "e6f3",
      "unicode_decimal": 59123
    },
    {
      "icon_id": "6808491",
      "name": "Open-Source Iniciati",
      "font_class": "open-source",
      "unicode": "edcd",
      "unicode_decimal": 60877
    },
    {
      "icon_id": "835969",
      "name": "arrow-right",
      "font_class": "arrowright",
      "unicode": "e625",
      "unicode_decimal": 58917
    },
    {
      "icon_id": "4868936",
      "name": "sort",
      "font_class": "sort",
      "unicode": "e613",
      "unicode_decimal": 58899
    },
    {
      "icon_id": "6822917",
      "name": "qq",
      "font_class": "qq",
      "unicode": "e6ca",
      "unicode_decimal": 59082
    },
    {
      "icon_id": "6284550",
      "name": "like",
      "font_class": "like",
      "unicode": "e608",
      "unicode_decimal": 58888
    },
    {
      "icon_id": "631499",
      "name": "loading",
      "font_class": "loading",
      "unicode": "e68f",
      "unicode_decimal": 59023
    },
    {
      "icon_id": "4471937",
      "name": "setting",
      "font_class": "setting",
      "unicode": "e6ef",
      "unicode_decimal": 59119
    },
    {
      "icon_id": "1045028",
      "name": "publish",
      "font_class": "publish",
      "unicode": "e635",
      "unicode_decimal": 58933
    },
    {
      "icon_id": "1011811",
      "name": "close",
      "font_class": "close",
      "unicode": "e633",
      "unicode_decimal": 58931
    },
    {
      "icon_id": "995207",
      "name": "share",
      "font_class": "share",
      "unicode": "e626",
      "unicode_decimal": 58918
    },
    {
      "icon_id": "2535714",
      "name": "favorites",
      "font_class": "favorites",
      "unicode": "e7e9",
      "unicode_decimal": 59369
    },
    {
      "icon_id": "1645862",
      "name": "delete",
      "font_class": "delete",
      "unicode": "e6cf",
      "unicode_decimal": 59087
    },
    {
      "icon_id": "970729",
      "name": "upload",
      "font_class": "upload",
      "unicode": "e61a",
      "unicode_decimal": 58906
    },
    {
      "icon_id": "1442516",
      "name": "edit",
      "font_class": "edit",
      "unicode": "e65c",
      "unicode_decimal": 58972
    },
    {
      "icon_id": "5119325",
      "name": "category",
      "font_class": "category",
      "unicode": "e63b",
      "unicode_decimal": 58939
    },
    {
      "icon_id": "4472461",
      "name": "right",
      "font_class": "right",
      "unicode": "e70d",
      "unicode_decimal": 59149
    },
    {
      "icon_id": "4472462",
      "name": "left",
      "font_class": "left",
      "unicode": "e70e",
      "unicode_decimal": 59150
    },
    {
      "icon_id": "431779",
      "name": "github",
      "font_class": "github",
      "unicode": "e709",
      "unicode_decimal": 59145
    },
    {
      "icon_id": "768547",
      "name": "password",
      "font_class": "password",
      "unicode": "e66b",
      "unicode_decimal": 58987
    },
    {
      "icon_id": "5874103",
      "name": "email",
      "font_class": "email",
      "unicode": "e675",
      "unicode_decimal": 58997
    },
    {
      "icon_id": "831582",
      "name": "username",
      "font_class": "username",
      "unicode": "e622",
      "unicode_decimal": 58914
    },
    {
      "icon_id": "142053",
      "name": "tag",
      "font_class": "tag",
      "unicode": "e8c1",
      "unicode_decimal": 59585
    },
    {
      "icon_id": "1487398",
      "name": "tag",
      "font_class": "tags",
      "unicode": "e605",
      "unicode_decimal": 58885
    }
  ]
}
